{
	"partitions" : [
		{
			"name" : "Top",
			"pins" : [
				{
					"name" : "conv_blk_data_rdreq_out",
					"strict" : false
				},
				{
					"name" : "interleaver_output",
					"strict" : false
				},
				{
					"name" : "interleaver_done",
					"strict" : false
				},
				{
					"name" : "conv_blk_empty_in",
					"strict" : false
				},
				{
					"name" : "RESET_N",
					"strict" : false
				},
				{
					"name" : "conv_blk_ready_in",
					"strict" : false
				},
				{
					"name" : "conv_code_block_length_in",
					"strict" : false
				},
				{
					"name" : "CLOCK_50",
					"strict" : false
				},
				{
					"name" : "KEY0",
					"strict" : false
				},
				{
					"name" : "turbo_in_ready_in",
					"strict" : false
				},
				{
					"name" : "turbo_in_blocksize_select_in",
					"strict" : false
				},
				{
					"name" : "conv_talk_byte_in[3]",
					"strict" : false
				},
				{
					"name" : "conv_talk_byte_in[2]",
					"strict" : false
				},
				{
					"name" : "conv_talk_byte_in[5]",
					"strict" : false
				},
				{
					"name" : "conv_talk_byte_in[6]",
					"strict" : false
				},
				{
					"name" : "conv_blk_data_in[0]",
					"strict" : false
				},
				{
					"name" : "conv_talk_byte_in[7]",
					"strict" : false
				},
				{
					"name" : "conv_talk_byte_in[4]",
					"strict" : false
				},
				{
					"name" : "conv_blk_data_in[5]",
					"strict" : false
				},
				{
					"name" : "conv_blk_data_in[7]",
					"strict" : false
				},
				{
					"name" : "conv_blk_data_in[4]",
					"strict" : false
				},
				{
					"name" : "conv_blk_data_in[6]",
					"strict" : false
				},
				{
					"name" : "conv_blk_data_in[1]",
					"strict" : false
				},
				{
					"name" : "conv_blk_data_in[3]",
					"strict" : false
				},
				{
					"name" : "conv_blk_data_in[2]",
					"strict" : false
				}
			]
		}
	]
}