{
	"partitions" : [
		{
			"name" : "Top",
			"pins" : [
				{
					"name" : "conv_blk_data_rdreq_out",
					"strict" : false
				},
				{
					"name" : "conv_blk_empty_in",
					"strict" : false
				},
				{
					"name" : "RESET_N",
					"strict" : false
				},
				{
					"name" : "conv_blk_ready_in",
					"strict" : false
				},
				{
					"name" : "KEY0",
					"strict" : false
				},
				{
					"name" : "conv_code_block_length_in",
					"strict" : false
				}
			]
		}
	]
}